Model Year,Vehicle Make,Vehicle Model Description,Alternative Fuel Type
2024,Audi,e-tron GT,Battery Electric
2024,Audi,Q4 40 e-tron,Battery Electric
2024,Audi,Q4 50 e-tron quattro,Battery Electric
2024,Audi,Q4 Sportback 50 e-tron quattro,Battery Electric
2024,Audi,Q8 e-tron quattro,Battery Electric
2024,Audi,Q8 Sportback e-tron ultra quattro,Battery Electric
2024,Audi,RS e-tron GT,Battery Electric
2023,Audi,e-tron GT,Battery Electric
2023,Audi,e-tron quattro,Battery Electric
2023,Audi,e-tron S (20 inch wheels),Battery Electric
2023,Audi,e-tron S (21/22 inch wheels),Battery Electric
2023,Audi,e-tron S Sportback (20 inch wheels),Battery Electric
2023,Audi,e-tron S Sportback (21/22 inch wheels),Battery Electric
2023,Audi,e-tron Sportback quattro,Battery Electric
2023,Audi,Q4 e-tron,Battery Electric
2023,Audi,Q4 e-tron quattro,Battery Electric
2023,Audi,Q4 e-tron Sportback,Battery Electric
2023,Audi,RS e-tron GT,Battery Electric
2022,Audi,e-tron GT,Battery Electric
2022,Audi,e-tron quattro,Battery Electric
2022,Audi,e-tron S (20in wheels),Battery Electric
2022,Audi,e-tron S (21/22 inch wheels),Battery Electric
2022,Audi,e-tron S Sportback (20 inch wheels),Battery Electric
2022,Audi,e-tron S Sportback (21/22 inch wheels),Battery Electric
2022,Audi,e-tron Sportback quattro,Battery Electric
2022,Audi,Q4 e-tron quattro,Battery Electric
2022,Audi,Q4 e-tron Sportback quattro,Battery Electric
2022,Audi,RS e-tron GT,Battery Electric
2021,Audi,e-tron,Battery Electric
2021,Audi,e-tron Sportback,Battery Electric
2020,Audi,e-tron Sportback,Battery Electric
2019,Audi,e-tron,Battery Electric
2012,Azure Dynamics,Transit Connect Electric Van/Wagon,Battery Electric
2024,BMW,i4 eDrive35 Gran Coupe (18 inch Wheels),Battery Electric
2024,BMW,i4 eDrive35 Gran Coupe (19 inch Wheels),Battery Electric
2024,BMW,i4 eDrive40 Gran Coupe (18 inch Wheels),Battery Electric
2024,BMW,i4 eDrive40 Gran Coupe (19 inch Wheels),Battery Electric
2024,BMW,i4 M50 Gran Coupe (19 inch wheels),Battery Electric
2024,BMW,i4 M50 Gran Coupe (20 inch wheels),Battery Electric
2024,BMW,i4 xDrive40 Gran Coupe (18 inch Wheels),Battery Electric
2024,BMW,i4 xDrive40 Gran Coupe (19 inch Wheels),Battery Electric
2024,BMW,i5 eDrive40 Sedan (19 inch Wheels),Battery Electric
2024,BMW,i5 eDrive40 Sedan (20 inch Wheels),Battery Electric
2024,BMW,i5 eDrive40 Sedan (21 inch Wheels),Battery Electric
2024,BMW,i5 M60 xDrive Sedan (19 inch Wheels),Battery Electric
2024,BMW,i5 M60 xDrive Sedan (20 inch Wheels),Battery Electric
2024,BMW,i5 M60 xDrive Sedan (21 inch Wheels),Battery Electric
2024,BMW,i7 eDrive50 Sedan (19 inch Wheels),Battery Electric
2024,BMW,i7 eDrive50 Sedan (20 inch Wheels),Battery Electric
2024,BMW,i7 eDrive50 Sedan (21 inch Wheels),Battery Electric
2024,BMW,i7 M70 xDrive Sedan (20 inch Wheels),Battery Electric
2024,BMW,i7 M70 xDrive Sedan (21 inch Wheels),Battery Electric
2024,BMW,i7 xDrive60 Sedan (19 inch wheels),Battery Electric
2024,BMW,i7 xDrive60 Sedan (20 inch wheels),Battery Electric
2024,BMW,i7 xDrive60 Sedan (21 inch wheels),Battery Electric
2024,BMW,iX M60 (21 inch Wheels),Battery Electric
2024,BMW,iX M60 (22 inch Wheels),Battery Electric
2024,BMW,iX xDrive40 (20 inch Wheels),Battery Electric
2024,BMW,iX xDrive40 (21 inch Wheels),Battery Electric
2024,BMW,iX xDrive40 (22 inch Wheels),Battery Electric
2024,BMW,iX xDrive50 (20 inch wheels),Battery Electric
2024,BMW,iX xDrive50 (21 inch wheels),Battery Electric
2024,BMW,iX xDrive50 (22 inch wheels),Battery Electric
2023,BMW,i4 eDrive35 Gran Coupe (18 inch Wheels),Battery Electric
2023,BMW,i4 eDrive35 Gran Coupe (19 inch Wheels),Battery Electric
2023,BMW,i4 eDrive40 Gran Coupe (18 inch wheels),Battery Electric
2023,BMW,i4 eDrive40 Gran Coupe (19 inch Wheels),Battery Electric
2023,BMW,i4 M50 Gran Coupe (19 inch wheels),Battery Electric
2023,BMW,i4 M50 Gran Coupe (20 inch wheels),Battery Electric
2023,BMW,i7 xDrive60 Sedan (19 inch wheels),Battery Electric
2023,BMW,i7 xDrive60 Sedan (20 inch wheels),Battery Electric
2023,BMW,i7 xDrive60 Sedan (21 inch wheels),Battery Electric
2023,BMW,iX M60 (21 inch wheels),Battery Electric
2023,BMW,iX M60 (22 inch wheels),Battery Electric
2023,BMW,iX xDrive50 (20 inch wheels),Battery Electric
2023,BMW,iX xDrive50 (21 inch wheels),Battery Electric
2023,BMW,iX xDrive50 (22 inch wheels),Battery Electric
2023,BMW,X5 xDrive45e,Plug-in Hybrid
2023,BMW,XM,Plug-in Hybrid
2022,BMW,i4 eDrive40 Gran Coupe (18 inch wheels),Battery Electric
2022,BMW,i4 eDrive40 Gran Coupe (19 inch wheels),Battery Electric
2022,BMW,i4 M50 Gran Coupe (19 inch wheels),Battery Electric
2022,BMW,i4 M50 Gran Coupe (20 inch wheels),Battery Electric
2022,BMW,iX xDrive50 (20 inch wheels),Battery Electric
2022,BMW,iX xDrive50 (21 inch wheels),Battery Electric
2022,BMW,iX xDrive50 (22 inch wheels),Battery Electric
2022,BMW,X5 xDrive45e,Plug-in Hybrid
2021,BMW,i3,Battery Electric
2021,BMW,i3 with Range Extender,Plug-in Hybrid
2021,BMW,i3s,Battery Electric
2021,BMW,i3s with Range Extender,Plug-in Hybrid
2021,BMW,X5 xDrive45e,Plug-in Hybrid
2020,BMW,i3,Battery Electric
2020,BMW,i3 with Range Extender,Plug-in Hybrid
2020,BMW,i3s,Battery Electric
2020,BMW,i3s with Range Extender,Plug-in Hybrid
2019,BMW,i3,Battery Electric
2019,BMW,i3 with Range Extender,Plug-in Hybrid
2019,BMW,i3s,Battery Electric
2019,BMW,i3s with Range Extender,Plug-in Hybrid
2018,BMW,i3 (94Ah),Battery Electric
2018,BMW,i3 (94Ah) with Range Extender,Plug-in Hybrid
2018,BMW,i3s (94Ah),Battery Electric
2018,BMW,i3s (94Ah) with Range Extender,Plug-in Hybrid
2017,BMW,i3 BEV (60  Amp-hour battery),Battery Electric
2017,BMW,i3 BEV (94 Amp-hour battery),Battery Electric
2017,BMW,i3 REX  (94 Amp-hour battery),Plug-in Hybrid
2016,BMW,i3 BEV,Battery Electric
2016,BMW,i3 REX,Plug-in Hybrid
2015,BMW,i3 BEV,Battery Electric
2015,BMW,i3 REX,Plug-in Hybrid
2014,BMW,i3 BEV,Battery Electric
2014,BMW,i3 REX,Plug-in Hybrid
2011,BMW,Active E,Battery Electric
2020,BYD,e6,Battery Electric
2018,BYD,e6,Battery Electric
2017,BYD,e6,Battery Electric
2016,BYD,e6,Battery Electric
2014,BYD,e6,Battery Electric
2013,BYD,e6,Battery Electric
2012,BYD,e6,Battery Electric
2024,Cadillac,LYRIQ,Battery Electric
2023,Cadillac,LYRIQ,Battery Electric
2023,Cadillac,LYRIQ AWD,Battery Electric
2018,Cadillac,CT6 Plug-In,Plug-in Hybrid
2017,Cadillac,CT6 Plug-In,Plug-in Hybrid
2016,Cadillac,ELR,Plug-in Hybrid
2016,Cadillac,ELR Sport,Plug-in Hybrid
2015,Cadillac,ELR,Plug-in Hybrid
2014,Cadillac,ELR,Plug-in Hybrid
2024,Chevrolet,Silverado EV,Battery Electric
2023,Chevrolet,Bolt EUV,Battery Electric
2023,Chevrolet,Bolt EV,Battery Electric
2022,Chevrolet,Bolt EUV,Battery Electric
2022,Chevrolet,Bolt EV,Battery Electric
2021,Chevrolet,Bolt EV,Battery Electric
2020,Chevrolet,Bolt EV,Battery Electric
2019,Chevrolet,Bolt EV,Battery Electric
2019,Chevrolet,Volt,Plug-in Hybrid
2018,Chevrolet,Bolt EV,Battery Electric
2018,Chevrolet,Volt,Plug-in Hybrid
2017,Chevrolet,Bolt EV,Battery Electric
2017,Chevrolet,Volt,Plug-in Hybrid
2016,Chevrolet,Spark EV,Battery Electric
2016,Chevrolet,Volt,Plug-in Hybrid
2015,Chevrolet,Spark EV,Battery Electric
2015,Chevrolet,Volt,Plug-in Hybrid
2014,Chevrolet,Spark EV,Battery Electric
2014,Chevrolet,Volt,Plug-in Hybrid
2013,Chevrolet,Volt,Plug-in Hybrid
2012,Chevrolet,Volt,Plug-in Hybrid
2011,Chevrolet,Volt,Plug-in Hybrid
2005,Chevrolet,Silverado 2500 HD 2WD CNG,CNG
2005,Chevrolet,Silverado 2500 HD 4WD CNG,CNG
2004,Chevrolet,Express Cargo (dedicated CNG),CNG
2004,Chevrolet,Express Passenger (dedicated CNG),CNG
2004,Chevrolet,Silverado 2500 HD 2WD CNG,CNG
1998,Chevrolet,S10 Electric,Battery Electric
1998,Chevrolet,S10 Electric,Battery Electric
2023,Chrysler,Pacifica Hybrid,Plug-in Hybrid
2022,Chrysler,Pacifica Hybrid,Plug-in Hybrid
2021,Chrysler,Pacifica Hybrid,Plug-in Hybrid
2020,Chrysler,Pacifica Hybrid,Plug-in Hybrid
2019,Chrysler,Pacifica Hybrid,Plug-in Hybrid
2018,Chrysler,Pacifica Hybrid,Plug-in Hybrid
2017,Chrysler,Pacifica Hybrid,Plug-in Hybrid
2013,CODA Automotive,CODA,Battery Electric
2012,CODA Automotive,CODA,Battery Electric
2003,Dodge,Ram Van 2500 2WD CNG,CNG
2002,Dodge,Ram Van 2500 2WD CNG,CNG
2002,Dodge,Ram Wagon 2500 2WD CNG,CNG
2001,Dodge,Ram Van 2500 2WD CNG,CNG
2001,Dodge,Ram Wagon 2500 2WD CNG,CNG
1999,Dodge,Caravan/Grand Caravan 2WD,Battery Electric
1995,Dodge,Caravan/Grand Caravan 2WD,CNG
1994,Dodge,Caravan/Grand Caravan 2WD,CNG
1993,Dodge,Caravan/Grand Caravan 2WD,CNG
2022,E-Ride,EXV2 100 AH Single Lithium-ion Battery Pack,Battery Electric
2022,E-Ride,EXV2 200 AH Dual Lithium-ion Battery Pack,Battery Electric
2022,E-Ride,EXV2 Standard Flooded Lead Acid Battery Pack,Battery Electric
2022,E-Ride,EXV4 100 AH Single Lithium-ion Battery Pack,Battery Electric
2022,E-Ride,EXV4 200 AH Dual Lithium-ion Battery Pack,Battery Electric
2022,E-Ride,EXV4 Standard Flooded Lead Acid Battery Pack,Battery Electric
2019,Fiat,500e,Battery Electric
2018,Fiat,500e,Battery Electric
2017,Fiat,500e,Battery Electric
2016,Fiat,500e,Battery Electric
2015,Fiat,500e,Battery Electric
2014,Fiat,500e,Battery Electric
2013,Fiat,500e,Battery Electric
2023,Fisker,Ocean Extreme One,Battery Electric
2012,Fisker,Karma,Plug-in Hybrid
2023,Ford,Escape,Plug-in Hybrid
2023,Ford,F-150 Lightning 4WD,Battery Electric
2023,Ford,F-150 Lightning 4WD Extended Range,Battery Electric
2023,Ford,F-150 Lightning Platinum 4WD,Battery Electric
2023,Ford,Mustang Mach-E AWD,Battery Electric
2023,Ford,Mustang Mach-E AWD Extended,Battery Electric
2023,Ford,MUSTANG MACH-E CAL RT 1 ER AWD,Battery Electric
2023,Ford,Mustang Mach-E GT,Battery Electric
2023,Ford,Mustang Mach-E GT Performance,Battery Electric
2023,Ford,Mustang Mach-E RWD,Battery Electric
2023,Ford,Mustang Mach-E RWD Extended,Battery Electric
2023,Ford,Mustang Mach-E RWD LFP,Battery Electric
2022,Ford,Escape FWD PHEV,Plug-in Hybrid
2022,Ford,F-150 Lightning 4WD,Battery Electric
2022,Ford,F-150 Lightning 4WD Extended Range,Battery Electric
2022,Ford,F-150 Lightning Platinum 4WD,Battery Electric
2022,Ford,Mustang Mach-E AWD,Battery Electric
2022,Ford,Mustang Mach-E AWD Extended,Battery Electric
2022,Ford,Mustang Mach-E CAL RT 1 ER AWD,Battery Electric
2022,Ford,Mustang Mach-E CAL RT 1 ER RWD,Battery Electric
2022,Ford,Mustang Mach-E GT,Battery Electric
2022,Ford,Mustang Mach-E GT Performance,Battery Electric
2022,Ford,Mustang Mach-E RWD,Battery Electric
2022,Ford,Mustang Mach-E RWD Extended,Battery Electric
2021,Ford,Escape FWD PHEV,Plug-in Hybrid
2021,Ford,Mustang Mach-E AWD,Battery Electric
2021,Ford,Mustang Mach-E AWD Extended,Battery Electric
2021,Ford,Mustang Mach-E GT,Battery Electric
2021,Ford,Mustang Mach-E GT Performance,Battery Electric
2021,Ford,Mustang Mach-E RWD,Battery Electric
2021,Ford,Mustang Mach-E RWD California Route 1,Battery Electric
2021,Ford,Mustang Mach-E RWD Extended,Battery Electric
2020,Ford,Escape FWD PHEV,Plug-in Hybrid
2018,Ford,Focus Electric,Battery Electric
2017,Ford,Focus Electric,Battery Electric
2016,Ford,Focus Electric,Battery Electric
2015,Ford,Focus Electric,Battery Electric
2014,Ford,Focus Electric,Battery Electric
2013,Ford,Focus Electric,Battery Electric
2012,Ford,Focus Electric,Battery Electric
2004,Ford,Crown Victoria CNG,CNG
2004,Ford,F150 CNG,CNG
2003,Ford,Crown Victoria CNG,CNG
2003,Ford,F150 CNG,CNG
2002,Ford,Crown Victoria CNG,CNG
2002,Ford,Explorer USPS Electric,Battery Electric
2002,Ford,F150 CNG,CNG
2001,Ford,Crown Victoria CNG,CNG
2001,Ford,E250 CNG,CNG
2001,Ford,Explorer USPS Electric,Battery Electric
2001,Ford,F150 CNG,CNG
2001,Ford,Ranger Pickup 2WD,Battery Electric
2000,Ford,Crown Victoria CNG,CNG
2000,Ford,E250 Econoline 2WD CNG,CNG
2000,Ford,F150 Pickup 2WD CNG,CNG
2000,Ford,Ranger Pickup 2WD,Battery Electric
2000,Ford,Ranger Pickup 2WD,Battery Electric
1999,Ford,Crown Victoria CNG,CNG
1999,Ford,E250 Econoline 2WD CNG,CNG
1999,Ford,F250 Pickup 2WD CNG,CNG
1999,Ford,Ranger Pickup 2WD,Battery Electric
1999,Ford,Ranger Pickup 2WD,Battery Electric
1998,Ford,E250 Econoline 2WD CNG,CNG
1998,Ford,F250 Pickup 2WD CNG,CNG
1997,Ford,Crown Victoria CNG,CNG
1996,Ford,Crown Victoria CNG,CNG
2024,Genesis,Electrified GV70,Battery Electric
2024,Genesis,GV60 Advanced (19 inch Wheels),Battery Electric
2024,Genesis,GV60 Advanced (20 inch Wheels),Battery Electric
2024,Genesis,GV60 PERFORMANCE,Battery Electric
2023,Genesis,Electrified G80,Battery Electric
2023,Genesis,GV60 ADVANCE,Battery Electric
2023,Genesis,GV60 PERFORMANCE,Battery Electric
2024,GMC,Hummer EV Pickup,Battery Electric
2024,GMC,Hummer EV Pickup MT Tires,Battery Electric
2024,GMC,Hummer EV SUV,Battery Electric
2024,GMC,Hummer EV SUV MT Tires,Battery Electric
2005,GMC,Sierra 2500 HD 2WD CNG,CNG
2005,GMC,Sierra 2500 HD 4WD CNG,CNG
2004,GMC,Savana Cargo (dedicated CNG),CNG
2004,GMC,Savana Passenger (dedicated CNG),CNG
1999,GMC,EV1,Battery Electric
1999,GMC,EV1,Battery Electric
2021,Honda,Clarity,Hydrogen Fuel Cell
2021,Honda,Clarity Plug-in Hybrid,Plug-in Hybrid
2020,Honda,Clarity,Hydrogen Fuel Cell
2020,Honda,Clarity Plug-in Hybrid,Plug-in Hybrid
2019,Honda,Clarity,Hydrogen Fuel Cell
2019,Honda,Clarity EV,Battery Electric
2019,Honda,Clarity Plug-in Hybrid,Plug-in Hybrid
2018,Honda,Clarity,Hydrogen Fuel Cell
2018,Honda,Clarity EV,Battery Electric
2018,Honda,Clarity Plug-in Hybrid,Plug-in Hybrid
2017,Honda,Clarity EV,Battery Electric
2016,Honda,FCV,Hydrogen Fuel Cell
2015,Honda,Civic Natural Gas,CNG
2014,Honda,Civic Natural Gas,CNG
2014,Honda,Clarity,Hydrogen Fuel Cell
2014,Honda,Fit EV,Battery Electric
2013,Honda,Civic Natural Gas,CNG
2013,Honda,Clarity,Hydrogen Fuel Cell
2013,Honda,Fit EV,Battery Electric
2012,Honda,Civic Natural Gas,CNG
2011,Honda,Civic CNG,CNG
2011,Honda,FCX Clarity,Hydrogen Fuel Cell
2010,Honda,Civic CNG,CNG
2009,Honda,Civic CNG,CNG
2009,Honda,FCX,Hydrogen Fuel Cell
2008,Honda,Civic CNG,CNG
2008,Honda,FCX,Hydrogen Fuel Cell
2007,Honda,Civic CNG,CNG
2007,Honda,FCX,Hydrogen Fuel Cell
2006,Honda,Civic CNG,CNG
2005,Honda,Civic CNG,CNG
2004,Honda,Civic CNG,CNG
2003,Honda,Civic CNG,CNG
2002,Honda,Civic CNG,CNG
2001,Honda,Civic CNG,CNG
2000,Honda,Civic CNG,CNG
1999,Honda,Civic,CNG
1999,Honda,EV Plus,Battery Electric
1998,Honda,Civic CNG,CNG
1998,Honda,EV Plus,Battery Electric
2024,Hyundai,Ioniq 5 Long range AWD,Battery Electric
2024,Hyundai,Ioniq 5 Long range RWD,Battery Electric
2024,Hyundai,Ioniq 5 Standard range RWD,Battery Electric
2024,Hyundai,Ioniq 6 Long range AWD (18 inch Wheels),Battery Electric
2024,Hyundai,Ioniq 6 Long range AWD (20 inch Wheels),Battery Electric
2024,Hyundai,Ioniq 6 Long range RWD (18 inch Wheels),Battery Electric
2024,Hyundai,Ioniq 6 Long range RWD (20 inch Wheels),Battery Electric
2024,Hyundai,Ioniq 6 Standard Range RWD,Battery Electric
2023,Hyundai,Ioniq 6 Long range AWD (18 inch Wheels),Battery Electric
2023,Hyundai,Ioniq 6 Long range AWD (20 inch Wheels),Battery Electric
2023,Hyundai,Ioniq 6 Long range RWD (18 inch Wheels),Battery Electric
2023,Hyundai,Ioniq 6 Long range RWD (20 inch Wheels),Battery Electric
2023,Hyundai,Ioniq 6 Standard Range RWD,Battery Electric
2023,Hyundai,Kona Electric,Battery Electric
2023,Hyundai,Santa Fe Plug-in Hybrid,Plug-in Hybrid
2023,Hyundai,Tucson Plug-in Hybrid,Plug-in Hybrid
2022,Hyundai,Ioniq 5 AWD (Long Range),Battery Electric
2022,Hyundai,Ioniq 5 RWD (Long Range),Battery Electric
2022,Hyundai,Ioniq 5 RWD (Standard Range),Battery Electric
2022,Hyundai,Kona Electric,Battery Electric
2022,Hyundai,Nexo,Hydrogen Fuel Cell
2022,Hyundai,Nexo Blue,Hydrogen Fuel Cell
2022,Hyundai,Santa Fe Plug-in Hybrid,Plug-in Hybrid
2022,Hyundai,Tucson Plug-in Hybrid,Plug-in Hybrid
2021,Hyundai,Ioniq Electric,Battery Electric
2021,Hyundai,Kona Electric,Battery Electric
2021,Hyundai,Nexo,Hydrogen Fuel Cell
2021,Hyundai,Nexo Blue,Hydrogen Fuel Cell
2020,Hyundai,Ioniq Electric,Battery Electric
2020,Hyundai,Kona Electric,Battery Electric
2020,Hyundai,Nexo,Hydrogen Fuel Cell
2020,Hyundai,Nexo Blue,Hydrogen Fuel Cell
2019,Hyundai,Ioniq Electric,Battery Electric
2019,Hyundai,Kona Electric,Battery Electric
2019,Hyundai,Nexo,Hydrogen Fuel Cell
2019,Hyundai,Nexo Blue,Hydrogen Fuel Cell
2018,Hyundai,Ioniq Electric,Battery Electric
2017,Hyundai,Ioniq Electric,Battery Electric
2017,Hyundai,Tucson,Hydrogen Fuel Cell
2016,Hyundai,Tucson,Hydrogen Fuel Cell
2015,Hyundai,Tucson Fuel Cell Vehicle,Hydrogen Fuel Cell
2024,Jaguar,I-Pace EV400 (20 inch tires),Battery Electric
2024,Jaguar,I-Pace EV400 (22 inch tires),Battery Electric
2023,Jaguar,I-Pace EV400 (20 inch tires),Battery Electric
2023,Jaguar,I-Pace EV400 (22 inch tires),Battery Electric
2021,Jaguar,I-Pace EV400,Battery Electric
2020,Jaguar,I-Pace,Battery Electric
2019,Jaguar,I-Pace,Battery Electric
2021,Kandi,K27,Battery Electric
2021,Karma,GS-6 (21-inch wheels),Plug-in Hybrid
2021,Karma,GS-6 (22-inch wheels),Plug-in Hybrid
2020,Karma,Revero GT (21-inch wheels),Plug-in Hybrid
2019,Karma,Revero,Plug-in Hybrid
2018,Karma,Revero,Plug-in Hybrid
2024,Kia,EV6 AWD GT,Battery Electric
2024,Kia,EV6 Long Range AWD (19 inch Wheels),Battery Electric
2024,Kia,EV6 Long Range AWD (20 inch Wheels),Battery Electric
2024,Kia,EV6 Long Range RWD,Battery Electric
2024,Kia,EV6 Standard Range RWD,Battery Electric
2024,Kia,Niro Electric,Battery Electric
2023,Kia,EV6 AWD GT,Battery Electric
2023,Kia,EV6 Long Range AWD (19 inch tires),Battery Electric
2023,Kia,EV6 Long Range AWD (20 inch tires),Battery Electric
2023,Kia,EV6 Long Range RWD,Battery Electric
2023,Kia,EV6 Standard Range RWD,Battery Electric
2023,Kia,Niro Electric,Battery Electric
2023,Kia,Niro Plug-In Hybrid,Plug-in Hybrid
2023,Kia,Sportage Plug-In Hybrid,Plug-in Hybrid
2022,Kia,EV6 AWD (Long Range),Battery Electric
2022,Kia,EV6 RWD (Long Range),Battery Electric
2022,Kia,EV6 RWD (Standard Range),Battery Electric
2022,Kia,Niro Electric,Battery Electric
2022,Kia,Sorento Plug-in Hybrid,Plug-in Hybrid
2021,Kia,Niro Electric,Battery Electric
2020,Kia,Niro Electric,Battery Electric
2020,Kia,Soul Electric,Battery Electric
2019,Kia,Niro Electric,Battery Electric
2019,Kia,Soul Electric,Battery Electric
2018,Kia,Soul Electric,Battery Electric
2017,Kia,Soul Electric,Battery Electric
2016,Kia,Soul Electric,Battery Electric
2015,Kia,Soul Electric,Battery Electric
2023,Lexus,NX 450h Plus AWD,Plug-in Hybrid
2023,Lexus,RZ 450e AWD (18 inch Wheels),Battery Electric
2023,Lexus,RZ 450e AWD (20 inch Wheels),Battery Electric
2022,Lexus,NX 450h Plus AWD,Plug-in Hybrid
2023,Lordstown,Endurance,Battery Electric
2023,Lucid,Air G Touring XR AWD with 19 inch wheels,Battery Electric
2023,Lucid,Air G Touring XR AWD with 20 inch wheels,Battery Electric
2023,Lucid,Air G Touring XR AWD with 21 inch wheels,Battery Electric
2023,Lucid,Air GT P AWD with 21 inch wheels,Battery Electric
2023,Lucid,Air Pure AWD with 19 inch wheels,Battery Electric
2023,Lucid,Air Pure AWD with 20 inch wheels,Battery Electric
2023,Lucid,Air Touring AWD with 19 inch wheels,Battery Electric
2023,Lucid,Air Touring AWD with 20 inch wheels,Battery Electric
2023,Lucid,Air Touring AWD with 21 inch wheels,Battery Electric
2022,Lucid,Air Dream P AWD w/19 inch wheels,Battery Electric
2022,Lucid,Air Dream P AWD w/21 inch wheels,Battery Electric
2022,Lucid,Air Dream R AWD w/19 inch wheels,Battery Electric
2022,Lucid,Air Dream R AWD w/21 inch wheels,Battery Electric
2022,Lucid,Air G Touring AWD w/19 inch wheels,Battery Electric
2022,Lucid,Air G Touring AWD w/21 inch wheels,Battery Electric
2023,Mazda,MX-30,Battery Electric
2022,Mazda,MX-30,Battery Electric
2024,Mercedes-Benz,AMG EQE 4matic Plus (SUV),Battery Electric
2023,Mercedes-Benz,EQE 350 Plus,Battery Electric
2023,Mercedes-Benz,EQE 350 Plus (SUV),Battery Electric
2023,Mercedes-Benz,EQS 450 4Matic,Battery Electric
2023,Mercedes-Benz,EQS 450 4Matic (SUV),Battery Electric
2023,Mercedes-Benz,EQS 450 Plus (SUV),Battery Electric
2023,Mercedes-Benz,EQS 580 4Matic (SUV),Battery Electric
2022,Mercedes-Benz,AMG EQS 4matic Plus,Battery Electric
2022,Mercedes-Benz,EQB 300 4matic,Battery Electric
2022,Mercedes-Benz,EQB 350 4matic,Battery Electric
2022,Mercedes-Benz,EQS 450 Plus,Battery Electric
2022,Mercedes-Benz,EQS 580 4matic,Battery Electric
2017,Mercedes-Benz,B250e,Battery Electric
2016,Mercedes-Benz,B250e,Battery Electric
2015,Mercedes-Benz,B-Class Electric Drive,Battery Electric
2015,Mercedes-Benz,B-Class F-Cell,Hydrogen Fuel Cell
2014,Mercedes-Benz,B-Class Electric Drive,Battery Electric
2014,Mercedes-Benz,B-Class F-CELL,Hydrogen Fuel Cell
2012,Mercedes-Benz,F-Cell,Hydrogen Fuel Cell
2024,MINI,Cooper SE Hardtop 2 door,Battery Electric
2023,MINI,Cooper SE Hardtop 2 door,Battery Electric
2022,MINI,Cooper SE Hardtop 2 door,Battery Electric
2021,MINI,Cooper SE Hardtop 2 door,Battery Electric
2020,MINI,Cooper SE Hardtop 2 door,Battery Electric
2008,MINI,MiniE,Battery Electric
2023,Mitsubishi,Outlander PHEV,Plug-in Hybrid
2017,Mitsubishi,i-MiEV,Battery Electric
2016,Mitsubishi,i-MiEV,Battery Electric
2014,Mitsubishi,i-MiEV,Battery Electric
2013,Mitsubishi,i-MiEV,Battery Electric
2012,Mitsubishi,i-MiEV,Battery Electric
2014,Mobility Ventures LLC,MV-1 CNG,CNG
2024,Nissan,LEAF,Battery Electric
2024,Nissan,LEAF SV,Battery Electric
2023,Nissan,ARIYA ENG Plus/EVO Plus e-4ORCE 87kWh,Battery Electric
2023,Nissan,ARIYA ENGAGE e-4ORCE 63kWh,Battery Electric
2023,Nissan,ARIYA ENGAGE FWD 63kWh,Battery Electric
2023,Nissan,ARIYA EVO Plus/EMP Plus/PRM FWD 87kWh,Battery Electric
2023,Nissan,ARIYA PLAT Plus e-4ORCE 87kWh 19,Battery Electric
2023,Nissan,ARIYA PLAT Plus e-4ORCE 87kWh 20,Battery Electric
2023,Nissan,ARIYA VENTURE Plus FWD 87kWh,Battery Electric
2023,Nissan,LEAF,Battery Electric
2023,Nissan,LEAF SV,Battery Electric
2022,Nissan,Leaf (40 kW-hr battery pack),Battery Electric
2022,Nissan,Leaf (62 kW-hr battery pack),Battery Electric
2022,Nissan,Leaf SV/SL (62 kW-hr battery pack),Battery Electric
2021,Nissan,Leaf (40 kW-hr battery pack),Battery Electric
2021,Nissan,Leaf (62 kW-hr battery pack),Battery Electric
2021,Nissan,Leaf SV/SL (62 kW-hr battery pack),Battery Electric
2020,Nissan,Leaf (40 kW-hr battery pack),Battery Electric
2020,Nissan,Leaf (62 kW-hr battery pack),Battery Electric
2020,Nissan,Leaf SV/SL (62 kW-hr battery pack),Battery Electric
2019,Nissan,Leaf (40 kW-hr battery pack),Battery Electric
2019,Nissan,Leaf (62 kW-hr battery pack),Battery Electric
2019,Nissan,Leaf SV/SL (62 kW-hr battery pack),Battery Electric
2018,Nissan,Leaf,Battery Electric
2017,Nissan,Leaf,Battery Electric
2016,Nissan,Leaf (24 kW-hr battery pack),Battery Electric
2016,Nissan,Leaf (30 kW-hr battery pack),Battery Electric
2015,Nissan,Leaf,Battery Electric
2014,Nissan,Leaf,Battery Electric
2013,Nissan,Leaf,Battery Electric
2012,Nissan,Leaf,Battery Electric
2011,Nissan,Leaf,Battery Electric
2001,Nissan,Hyper-Mini,Battery Electric
2000,Nissan,Altra EV,Battery Electric
1999,Plymouth,Voyager/Grand Voyager 2WD,Battery Electric
2022,Polaris,GEM e2 Distance Maintenance Free,Battery Electric
2022,Polaris,GEM e2 Lithium-Ion 12.4 kWh,Battery Electric
2022,Polaris,GEM e2 Lithium-Ion 8.9 kWh,Battery Electric
2022,Polaris,GEM e2 Maintenance Free,Battery Electric
2022,Polaris,GEM e4 Distance Maintenance Free,Battery Electric
2022,Polaris,GEM e4 Lithium-Ion 12.4 kWh,Battery Electric
2022,Polaris,GEM e4 Lithium-Ion 8.9 kWh,Battery Electric
2022,Polaris,GEM e6 Distance Maintenance Free,Battery Electric
2022,Polaris,GEM e6 Flooded Lead Acid Battery,Battery Electric
2022,Polaris,GEM e6 Lithium-Ion 12.4 kWh,Battery Electric
2022,Polaris,GEM e6 Lithium-Ion 8.9 kWh,Battery Electric
2024,Polestar,2 Dual Motor (19 Inch Wheels),Battery Electric
2024,Polestar,2 Dual Motor (20 Inch Wheels),Battery Electric
2024,Polestar,2 Dual Motor Performance Pack,Battery Electric
2024,Polestar,2 Single Motor (19 Inch Wheels),Battery Electric
2024,Polestar,2 Single Motor (20 Inch Wheels),Battery Electric
2023,Polestar,2 BST edition,Battery Electric
2023,Polestar,2 Dual Motor,Battery Electric
2023,Polestar,2 Dual Motor Perf Pack,Battery Electric
2023,Polestar,2 Single Motor,Battery Electric
2022,Polestar,2 Dual Motor,Battery Electric
2022,Polestar,2 Single Motor,Battery Electric
2021,Polestar,1,Plug-in Hybrid
2021,Polestar,2,Battery Electric
2020,Polestar,1,Plug-in Hybrid
2023,Porsche,Taycan 4 Cross Turismo,Battery Electric
2023,Porsche,Taycan 4S Cross Turismo,Battery Electric
2023,Porsche,Taycan 4S Perf Battery Plus,Battery Electric
2023,Porsche,Taycan 4S Performance Battery,Battery Electric
2023,Porsche,Taycan GTS,Battery Electric
2023,Porsche,Taycan GTS Sport Turismo,Battery Electric
2023,Porsche,Taycan Perf Battery Plus,Battery Electric
2023,Porsche,Taycan Performance Battery,Battery Electric
2023,Porsche,Taycan Turbo,Battery Electric
2023,Porsche,Taycan Turbo Cross Turismo,Battery Electric
2023,Porsche,Taycan Turbo S,Battery Electric
2023,Porsche,Taycan Turbo S Cross Turismo,Battery Electric
2022,Porsche,Taycan 4 Cross Turismo,Battery Electric
2022,Porsche,Taycan 4S Cross Turismo,Battery Electric
2022,Porsche,Taycan 4S Perf Battery,Battery Electric
2022,Porsche,Taycan 4S Perf Battery Plus,Battery Electric
2022,Porsche,Taycan GTS,Battery Electric
2022,Porsche,Taycan GTS ST,Battery Electric
2022,Porsche,Taycan Perf Battery,Battery Electric
2022,Porsche,Taycan Perf Battery Plus,Battery Electric
2022,Porsche,Taycan Turbo,Battery Electric
2022,Porsche,Taycan Turbo Cross Turismo,Battery Electric
2022,Porsche,Taycan Turbo S,Battery Electric
2022,Porsche,Taycan Turbo S Cross Turismo,Battery Electric
2021,Porsche,Taycan 4 Cross Turismo,Battery Electric
2021,Porsche,Taycan 4S Cross Turismo,Battery Electric
2021,Porsche,Taycan 4S Perf Battery,Battery Electric
2021,Porsche,Taycan 4S Perf Battery Plus,Battery Electric
2021,Porsche,Taycan Perf Battery,Battery Electric
2021,Porsche,Taycan Perf Battery Plus,Battery Electric
2021,Porsche,Taycan Turbo,Battery Electric
2021,Porsche,Taycan Turbo Cross Turismo,Battery Electric
2021,Porsche,Taycan Turbo S,Battery Electric
2021,Porsche,Taycan Turbo S Cross Turismo,Battery Electric
2020,Porsche,Taycan 4S Perf Battery Plus,Battery Electric
2020,Porsche,Taycan Turbo,Battery Electric
2020,Porsche,Taycan Turbo S,Battery Electric
2023,Rivian,R1S (20 inch wheels),Battery Electric
2023,Rivian,R1S (21 inch wheels),Battery Electric
2023,Rivian,R1S (22 inch wheels),Battery Electric
2023,Rivian,R1S 20 inch All-Terrain,Battery Electric
2023,Rivian,R1S 20 inch All-Terrain Dual Large,Battery Electric
2023,Rivian,R1S 20 inch All-Terrain Performance Dual Large,Battery Electric
2023,Rivian,R1S 21 inch Dual Large,Battery Electric
2023,Rivian,R1S 21 inch Performance Dual Large,Battery Electric
2023,Rivian,R1S 22 inch Dual Large,Battery Electric
2023,Rivian,R1S 22 inch Performance Dual Large,Battery Electric
2023,Rivian,R1T (20 inch wheels),Battery Electric
2023,Rivian,R1T (21 inch wheels),Battery Electric
2023,Rivian,R1T (22 inch wheels),Battery Electric
2023,Rivian,R1T 21 inch Dual Large,Battery Electric
2023,Rivian,R1T 21 inch Performance Dual Large,Battery Electric
2023,Rivian,R1T 22 inch Dual Large,Battery Electric
2023,Rivian,R1T 22 inch Performance Dual Large,Battery Electric
2022,Rivian,R1S,Battery Electric
2022,Rivian,R1T,Battery Electric
2013,Scion,iQ EV,Battery Electric
2019,Smart,EQ fortwo (convertible),Battery Electric
2019,Smart,EQ fortwo (coupe),Battery Electric
2018,Smart,fortwo electric drive convertible,Battery Electric
2018,Smart,fortwo electric drive coupe,Battery Electric
2017,Smart,fortwo electric drive convertible,Battery Electric
2017,Smart,fortwo electric drive coupe,Battery Electric
2016,Smart,fortwo electric drive convertible,Battery Electric
2016,Smart,fortwo electric drive coupe,Battery Electric
2015,Smart,fortwo electric drive convertible,Battery Electric
2015,Smart,fortwo electric drive coupe,Battery Electric
2014,Smart,fortwo electric drive convertible,Battery Electric
2014,Smart,fortwo electric drive coupe,Battery Electric
2013,Smart,fortwo electric drive convertible,Battery Electric
2013,Smart,fortwo electric drive coupe,Battery Electric
2011,Smart,fortwo electric drive cabriolet,Battery Electric
2011,Smart,fortwo electric drive coupe,Battery Electric
2023,Subaru,Solterra AWD,Battery Electric
2023,Subaru,Solterra Limited/Touring AWD,Battery Electric
2023,Tesla,Model 3 Long Range AWD,Battery Electric
2023,Tesla,Model 3 Performance AWD,Battery Electric
2023,Tesla,Model 3 RWD,Battery Electric
2023,Tesla,Model S,Battery Electric
2023,Tesla,Model X,Battery Electric
2023,Tesla,Model X Plaid (20 inch wheels),Battery Electric
2023,Tesla,Model X Plaid (22 inch wheels),Battery Electric
2023,Tesla,Model Y AWD,Battery Electric
2023,Tesla,Model Y Long Range AWD,Battery Electric
2023,Tesla,Model Y Performance AWD,Battery Electric
2022,Tesla,Model 3 Long Range AWD,Battery Electric
2022,Tesla,Model 3 Performance AWD,Battery Electric
2022,Tesla,Model 3 RWD,Battery Electric
2022,Tesla,Model S,Battery Electric
2022,Tesla,Model S Plaid (19 inch wheels),Battery Electric
2022,Tesla,Model S Plaid (21 inch wheels),Battery Electric
2022,Tesla,Model X,Battery Electric
2022,Tesla,Model X Plaid (20 inch wheels),Battery Electric
2022,Tesla,Model X Plaid (22 inch wheels),Battery Electric
2022,Tesla,Model Y AWD,Battery Electric
2022,Tesla,Model Y Long Range AWD,Battery Electric
2022,Tesla,Model Y Performance AWD,Battery Electric
2022,Tesla,Model Y RWD,Battery Electric
2021,Tesla,Model 3 Long Range AWD,Battery Electric
2021,Tesla,Model 3 Performance AWD,Battery Electric
2021,Tesla,Model 3 Standard Range Plus RWD,Battery Electric
2021,Tesla,Model S Long Range,Battery Electric
2021,Tesla,Model S Performance (19in Wheels),Battery Electric
2021,Tesla,Model S Performance (21in Wheels),Battery Electric
2021,Tesla,Model S Plaid (21inch wheels),Battery Electric
2021,Tesla,Model X Long Range Plus,Battery Electric
2021,Tesla,Model X Performance (20in Wheels),Battery Electric
2021,Tesla,Model X Performance (22in Wheels),Battery Electric
2021,Tesla,Model Y Long Range AWD,Battery Electric
2021,Tesla,Model Y Performance AWD,Battery Electric
2021,Tesla,Model Y Standard Range RWD,Battery Electric
2020,Tesla,Model 3 Long Range,Battery Electric
2020,Tesla,Model 3 Long Range AWD,Battery Electric
2020,Tesla,Model 3 Long Range Performance AWD (18in),Battery Electric
2020,Tesla,Model 3 Long Range Performance AWD (19in),Battery Electric
2020,Tesla,Model 3 Long Range Performance AWD (20in),Battery Electric
2020,Tesla,Model 3 Mid Range,Battery Electric
2020,Tesla,Model 3 Standard Range,Battery Electric
2020,Tesla,Model 3 Standard Range Plus,Battery Electric
2020,Tesla,Model S Long Range,Battery Electric
2020,Tesla,Model S Long Range Plus,Battery Electric
2020,Tesla,Model S Performance (19in Wheels),Battery Electric
2020,Tesla,Model S Performance (21in Wheels),Battery Electric
2020,Tesla,Model S Standard Range,Battery Electric
2020,Tesla,Model X Long Range,Battery Electric
2020,Tesla,Model X Long Range Plus,Battery Electric
2020,Tesla,Model X Performance (20in Wheels),Battery Electric
2020,Tesla,Model X Performance (22in Wheels),Battery Electric
2020,Tesla,Model X Standard Range,Battery Electric
2020,Tesla,Model Y Long Range AWD,Battery Electric
2020,Tesla,Model Y Performance AWD,Battery Electric
2020,Tesla,Model Y Performance AWD (21in Wheels),Battery Electric
2019,Tesla,Model 3 Long Range,Battery Electric
2019,Tesla,Model 3 Long Range AWD,Battery Electric
2019,Tesla,Model 3 Long Range AWD Performance,Battery Electric
2019,Tesla,Model 3 Mid Range,Battery Electric
2019,Tesla,Model 3 Standard Range,Battery Electric
2019,Tesla,Model 3 Standard Range Plus,Battery Electric
2019,Tesla,Model S 100D,Battery Electric
2019,Tesla,Model S 75D,Battery Electric
2019,Tesla,Model S Long Range,Battery Electric
2019,Tesla,Model S P100D,Battery Electric
2019,Tesla,Model S Performance (19in Wheels),Battery Electric
2019,Tesla,Model S Performance (21in Wheels),Battery Electric
2019,Tesla,Model S Standard Range,Battery Electric
2019,Tesla,Model X 100D,Battery Electric
2019,Tesla,Model X 75D,Battery Electric
2019,Tesla,Model X Long Range,Battery Electric
2019,Tesla,Model X P100D,Battery Electric
2019,Tesla,Model X Performance (22in Wheels),Battery Electric
2018,Tesla,Model 3 Long Range,Battery Electric
2018,Tesla,Model 3 Long Range  AWD,Battery Electric
2018,Tesla,Model 3 Long Range  AWD Performance,Battery Electric
2018,Tesla,Model 3 Mid Range,Battery Electric
2018,Tesla,Model S 100D,Battery Electric
2018,Tesla,Model S 75D,Battery Electric
2018,Tesla,Model S 75kWh,Battery Electric
2018,Tesla,Model S P100D,Battery Electric
2018,Tesla,Model X 100D,Battery Electric
2018,Tesla,Model X 75D,Battery Electric
2018,Tesla,Model X P100D,Battery Electric
2017,Tesla,Model 3 Long Range,Battery Electric
2017,Tesla,Model S (60 kW-hr battery pack),Battery Electric
2017,Tesla,Model S (75 kW-hr battery pack),Battery Electric
2017,Tesla,Model S AWD - 100D,Battery Electric
2017,Tesla,Model S AWD - 60D,Battery Electric
2017,Tesla,Model S AWD - 75D,Battery Electric
2017,Tesla,Model S AWD - 90D,Battery Electric
2017,Tesla,Model S AWD - P100D,Battery Electric
2017,Tesla,Model S AWD - P90D,Battery Electric
2017,Tesla,Model X AWD - 100D,Battery Electric
2017,Tesla,Model X AWD - 60D,Battery Electric
2017,Tesla,Model X AWD - 75D,Battery Electric
2017,Tesla,Model X AWD - 90D,Battery Electric
2017,Tesla,Model X AWD - P100D,Battery Electric
2017,Tesla,Model X AWD - P90D,Battery Electric
2016,Tesla,Model S (60 kW-hr battery pack),Battery Electric
2016,Tesla,Model S (70 kW-hr battery pack),Battery Electric
2016,Tesla,Model S (75 kW-hr battery pack),Battery Electric
2016,Tesla,Model S (85 kW-hr battery pack),Battery Electric
2016,Tesla,Model S (90 kW-hr battery pack),Battery Electric
2016,Tesla,Model S AWD - 60D,Battery Electric
2016,Tesla,Model S AWD - 70D,Battery Electric
2016,Tesla,Model S AWD - 75D,Battery Electric
2016,Tesla,Model S AWD - 85D,Battery Electric
2016,Tesla,Model S AWD - 90D,Battery Electric
2016,Tesla,Model S AWD - P100D,Battery Electric
2016,Tesla,Model S AWD - P85D,Battery Electric
2016,Tesla,Model S AWD - P90D,Battery Electric
2016,Tesla,Model X AWD - 60D,Battery Electric
2016,Tesla,Model X AWD - 75D,Battery Electric
2016,Tesla,Model X AWD - 90D,Battery Electric
2016,Tesla,Model X AWD - P100D,Battery Electric
2016,Tesla,Model X AWD - P90D,Battery Electric
2015,Tesla,Model S (60 kW-hr battery pack),Battery Electric
2015,Tesla,Model S (85 kW-hr battery pack),Battery Electric
2015,Tesla,Model S (90 kW-hr battery pack),Battery Electric
2015,Tesla,Model S AWD - 70D,Battery Electric
2015,Tesla,Model S AWD - 85D,Battery Electric
2015,Tesla,Model S AWD - 90D,Battery Electric
2015,Tesla,Model S AWD - P85D,Battery Electric
2015,Tesla,Model S AWD - P90D,Battery Electric
2014,Tesla,Model S (60 kW-hr battery pack),Battery Electric
2014,Tesla,Model S (85 kW-hr battery pack),Battery Electric
2014,Tesla,Model S AWD (85 kW-hr battery pack),Battery Electric
2013,Tesla,Model S (40 kW-hr battery pack),Battery Electric
2013,Tesla,Model S (60 kW-hr battery pack),Battery Electric
2013,Tesla,Model S (85 kW-hr battery pack),Battery Electric
2012,Tesla,Model S,Battery Electric
2023,Toyota,bZ4X,Battery Electric
2023,Toyota,bZ4X AWD,Battery Electric
2023,Toyota,bZ4X LIMITED,Battery Electric
2023,Toyota,bZ4X LIMITED AWD,Battery Electric
2023,Toyota,Prius Prime,Plug-in Hybrid
2023,Toyota,RAV4 Prime,Plug-in Hybrid
2022,Toyota,Mirai LE,Hydrogen Fuel Cell
2022,Toyota,Mirai Limited,Hydrogen Fuel Cell
2022,Toyota,Mirai XLE,Hydrogen Fuel Cell
2022,Toyota,RAV4 Prime 4WD,Plug-in Hybrid
2021,Toyota,Mirai Limited,Hydrogen Fuel Cell
2021,Toyota,Mirai XLE,Hydrogen Fuel Cell
2021,Toyota,RAV4 Prime 4WD,Plug-in Hybrid
2020,Toyota,Mirai,Hydrogen Fuel Cell
2019,Toyota,Mirai,Hydrogen Fuel Cell
2018,Toyota,Mirai,Hydrogen Fuel Cell
2017,Toyota,Mirai,Hydrogen Fuel Cell
2016,Toyota,Mirai,Hydrogen Fuel Cell
2015,Toyota,Mirai,Hydrogen Fuel Cell
2014,Toyota,RAV4 EV,Battery Electric
2013,Toyota,RAV4 EV,Battery Electric
2012,Toyota,RAV4 EV,Battery Electric
2003,Toyota,RAV4 EV,Battery Electric
2002,Toyota,RAV4 EV,Battery Electric
2001,Toyota,Camry CNG,CNG
2001,Toyota,RAV4 EV,Battery Electric
2000,Toyota,Camry CNG,CNG
2000,Toyota,RAV4 EV,Battery Electric
1999,Toyota,Camry CNG,CNG
2023,Vinfast,VF 8 Eco,Battery Electric
2023,Vinfast,VF 8 Plus,Battery Electric
2023,Volkswagen,ID.4,Battery Electric
2023,Volkswagen,ID.4 AWD Pro,Battery Electric
2023,Volkswagen,ID.4 AWD Pro S,Battery Electric
2023,Volkswagen,ID.4 Pro,Battery Electric
2023,Volkswagen,ID.4 Pro S,Battery Electric
2023,Volkswagen,ID.4 S,Battery Electric
2022,Volkswagen,ID.4 AWD Pro,Battery Electric
2022,Volkswagen,ID.4 AWD Pro S,Battery Electric
2022,Volkswagen,ID.4 Pro,Battery Electric
2022,Volkswagen,ID.4 Pro S,Battery Electric
2021,Volkswagen,ID.4 1st,Battery Electric
2021,Volkswagen,ID.4 AWD Pro,Battery Electric
2021,Volkswagen,ID.4 AWD Pro S,Battery Electric
2021,Volkswagen,ID.4 Pro,Battery Electric
2021,Volkswagen,ID.4 Pro S,Battery Electric
2019,Volkswagen,e-Golf,Battery Electric
2018,Volkswagen,e-Golf,Battery Electric
2017,Volkswagen,e-Golf,Battery Electric
2016,Volkswagen,e-Golf,Battery Electric
2015,Volkswagen,e-Golf,Battery Electric
2024,Volvo,C40 Recharge,Battery Electric
2024,Volvo,C40 Recharge twin,Battery Electric
2024,Volvo,XC40 Recharge,Battery Electric
2024,Volvo,XC40 Recharge twin,Battery Electric
2023,Volvo,C40 Recharge twin,Battery Electric
2023,Volvo,S60 T8 AWD Recharge,Plug-in Hybrid
2023,Volvo,S90 T8 AWD Recharge ext. Range,Plug-in Hybrid
2023,Volvo,V60 T8 AWD Recharge ext. Range,Plug-in Hybrid
2023,Volvo,XC40 Recharge twin,Battery Electric
2023,Volvo,XC60 T8 AWD Recharge,Plug-in Hybrid
2023,Volvo,XC90 T8 AWD Recharge,Plug-in Hybrid
2022,Volvo,C40 Recharge twin,Battery Electric
2022,Volvo,S60 T8 AWD Recharge ext. Range,Plug-in Hybrid
2022,Volvo,S90 T8 AWD Recharge ext. Range,Plug-in Hybrid
2022,Volvo,V60 T8 AWD Recharge ext. Range,Plug-in Hybrid
2022,Volvo,XC40 Recharge twin,Battery Electric
2022,Volvo,XC60 T8 AWD Recharge ext. Range,Plug-in Hybrid
2022,Volvo,XC90 T8 AWD Recharge ext. Range,Plug-in Hybrid
2021,Volvo,XC40 AWD BEV,Battery Electric
2012,VPG,MV-1 CNG,CNG
2011,VPG,MV-1 CNG,CNG
2021,Westward,Max-EV,Battery Electric
